{
    "channel_1": {
        "i_set_value": 1.0257853269577026,
        "v_set_value": 5.004683971405029
    },
    "channel_2": {
        "i_set_value": 1.0213232040405273,
        "v_set_value": 5.021459579467773
    }
}